,index,name,number_of_comment,brand,Negative,Positive,price,weight(kg),rank_point,rank
0,0.0,Máy giặt Toshiba Inverter 8.5 Kg TW-BH95S2V WK ,131.0,Toshiba,0.21539153815979273,0.7846084618402056,5999000.0,68.0,102.78370850106694,2
1,1.0,Máy giặt Electrolux Inverter 8 Kg EWF8025DGWA ,87.0,Electrolux,0.2326851908250333,0.7673148091749654,6589000.0,46.666666666666664,66.75638839822199,5
2,2.0,Máy giặt Electrolux Inverter 8 Kg EWF8025DGWA ,46.0,Electrolux,0.2891134508464066,0.7108865491535938,6590000.0,46.666666666666664,32.700781261065316,11
3,3.0,Máy Giặt Sấy LG Inverter 9 Kg FV1409G4V - Chỉ Giao HCM ,19.0,LG,0.18321182823666315,0.8167881717633367,12479000.0,69.0,15.518975263503398,26
4,4.0,Máy giặt Toshiba Inverter 8.5 Kg TW-BH95S2V WK ,60.0,Toshiba,0.23935996216297215,0.7606400378370276,6049000.0,68.0,45.638402270221654,6
5,5.0,Máy giặt Samsung Inverter 8 kg WW80J52G0KW/SV ,16.0,Samsung,0.13290113907983125,0.8670988609201686,6179000.0,63.0,13.873581774722698,28
6,6.0,Máy giặt Samsung Inverter 8 kg WW80J52G0KW/SV ,37.0,Samsung,0.1749947278886633,0.825005272111337,6999000.0,63.0,30.52519506811947,13
7,7.0,Máy giặt Toshiba 7 kg AW-A800SV ,48.0,Toshiba,0.3324737447178217,0.6675262552821782,3649000.0,29.333333333333332,32.04126025354456,12
8,8.0,Máy giặt Toshiba 9.5 KG TW-BK105S3V SK ,32.0,Toshiba,0.2468634430163162,0.7531365569836843,7790000.0,68.0,24.100369823477898,18
9,9.0,Máy Giặt Cửa Trước Inverter Electrolux EWF9025BQ (9kg) - Hàng Chính Hãng ,16.0,Electrolux,0.2546817892565907,0.7453182107434091,7690000.0,68.0,11.925091371894545,35
10,10.0,Máy Giặt Cửa Trước Samsung Inverter Addwash WW85K54E0 (8.5kg) - Hàng Chính Hãng ,24.0,Samsung,0.179326257475262,0.8206737425247382,9870000.0,63.0,19.696169820593717,21
11,11.0,Máy giặt Toshiba 7 kg AW-A800SV ,97.0,Toshiba,0.27247052406042993,0.7275294759395693,3650000.0,29.333333333333332,70.57035916613822,4
12,12.0,Máy giặt Samsung Addwash Inverter 9 Kg WW90K44G0YW/SV - Chỉ giao Hà Nội ,11.0,Samsung,0.22044357991713648,0.7795564200828636,7499000.0,63.0,8.5751206209115,53
13,13.0,Máy giặt LG Inverter 9 kg FC1409S4W ,29.0,LG,0.2972084202148709,0.7027915797851293,8669000.0,63.0,20.38095581376875,20
14,14.0,MÁY GIẶT SẤY ELECTROLUX INVERTER 8 KG EWW8025DGWA - HÀNG CHÍNH HÃNG ,14.0,Electrolux,0.1768886897389326,0.8231113102610672,10190000.0,61.666666666666664,11.52355834365494,40
15,15.0,Máy Giặt Cửa Trước Inverter Electrolux EWF8025CQ (8kg) - Hàng Chính Hãng ,25.0,Electrolux,0.34912043451931846,0.6508795654806818,7090000.0,62.0,16.271989137017044,25
16,16.0,Máy giặt Electrolux Inverter 10 kg EWF1024BDWA ,24.0,Electrolux,0.21331395980098725,0.7866860401990129,9990000.0,65.33333333333333,18.88046496477631,22
17,17.0,Máy giặt Electrolux Inverter 10 kg EWF1024BDWA ,13.0,Electrolux,0.31884994908446135,0.6811500509155386,10590000.0,54.333333333333336,8.854950661902002,52
18,18.0,Máy giặt LG Inverter 8 kg FC1408S4W2 ,109.0,LG,0.3023195778922151,0.6976804221077852,8490000.0,62.0,76.0471660097486,3
19,19.0,Máy giặt Samsung Inverter 8 kg WW80J54E0BW/SV ,4.0,Samsung,0.10273572627057617,0.8972642737294239,6299000.0,61.0,3.5890570949176954,100
20,20.0,Máy Giặt Sấy LG Inverter 9 Kg FV1409G4V - Chỉ Giao Hà Nội ,15.0,LG,0.22800351804951588,0.771996481950484,12199000.0,69.0,11.57994722925726,39
21,21.0,Máy giặt LG Inverter 8.5 kg FV1408S4W - Chỉ giao Hà Nội ,11.0,LG,0.24608319928901795,0.7539168007109822,8379000.0,62.0,8.293084807820804,55
22,22.0,Máy Giặt Mini Bán Tự Động 0003 ,23.0,OEM,0.27717660527653165,0.7228233947234683,775000.0,29.333333333333332,16.624938078639772,24
23,23.0,Máy giặt Samsung Addwash Inverter 9 kg WW90K54E0UX/SV ,8.0,Samsung,0.3179486044368698,0.6820513955631303,9599000.0,63.0,5.456411164505043,72
24,24.0,Máy giặt LG Inverter 8.5 kg FV1408S4W - Chỉ giao HCM ,6.0,LG,0.2139999129667123,0.7860000870332876,7999000.0,62.0,4.716000522199725,81
25,25.0,Máy giặt Samsung Addwash Inverter 9 Kg WW90K44G0YW/SV - Chỉ giao HCM ,14.0,Samsung,0.2951320152937546,0.7048679847062453,7499000.0,63.0,9.868151785887434,44
26,26.0,Máy giặt Sharp 8.2 kg ES-W82GV-H - Chỉ giao Hà Nội ,15.0,Sharp,0.13819374022681025,0.8618062597731898,3709000.0,29.0,12.927093896597848,30
27,27.0,Máy giặt Toshiba 8.2 kg AW-F920LV WB - Hàng Chính Hãng ,20.0,Toshiba,0.270158025652298,0.7298419743477017,4090000.0,31.666666666666668,14.596839486954034,27
28,28.0,Máy Giặt Cửa Trên Inverter LG T2395VS2 (9.5kg) - Hàng Chính Hãng ,16.0,LG,0.23252100423790054,0.7674789957620994,5690000.0,38.0,12.279663932193591,33
29,29.0,Máy Giặt Cửa Trên Sharp ES-W78GV-H (7.8kg) - Hàng Chính Hãng - Chỉ giao tại HCM ,3.0,Sharp,0.3190790181007585,0.6809209818992414,3440000.0,29.0,2.0427629456977243,158
30,30.0,Máy giặt Electrolux Inverter 9 kg EWF9024BDWB ,12.0,Electrolux,0.1722759899321683,0.8277240100678318,8990000.0,71.0,9.932688120813982,43
31,31.0,Máy giặt LG Inverter 9 kg FC1409S2W ,35.0,LG,0.31304885339642097,0.6869511466035789,9399000.0,61.666666666666664,24.04329013112526,19
32,32.0,Máy giặt mini cao cấp ,5.0,OEM,0.1559150516045921,0.8440849483954078,820000.0,29.333333333333332,4.220424741977039,89
33,33.0,Máy giặt LG Inverter 9 kg FV1409S2W - Chỉ giao Hà Nội ,11.0,LG,0.2383726992044276,0.7616273007955724,9999000.0,62.0,8.377900308751297,54
34,34.0,Máy giặt Electrolux 8 Kg EWF8025EQWA-Hàng Chính Hãng ,9.0,Electrolux,0.1630903360735607,0.8369096639264393,7260000.0,68.0,7.532186975337954,60
35,35.0,Máy giặt Electrolux Inverter 9 kg EWF9024ADSA ,4.0,Electrolux,0.36514685526768226,0.6348531447323178,9890000.0,71.0,2.539412578929271,140
36,36.0,Máy giặt sấy Electrolux Inverter 8 kg EWW8023AEWA ,6.0,Electrolux,0.3183687342829037,0.6816312657170963,12650000.0,67.33333333333333,4.089787594302578,90
37,37.0,Máy Giặt Sấy LG Inverter 8.5 Kg FV1408G4W - Chỉ Giao Hà Nội ,4.0,LG,0.18793158695050774,0.8120684130494922,11179000.0,69.0,3.2482736521979687,110
38,38.0,Máy giặt LG Inverter 9 kg FC1409S2W ,39.0,LG,0.3514753764780184,0.6485246235219816,9549000.0,62.0,25.292460317357282,17
39,39.0,Máy giặt Electrolux Inverter 9 kg EWF9024ADSA ,4.0,Electrolux,0.277652037108127,0.7223479628918729,9929000.0,71.0,2.8893918515674915,120
40,40.0,Máy giặt LG Inverter 11.5 kg T2351VSAM ,11.0,LG,0.18903022805073855,0.8109697719492613,5689000.0,40.0,8.920667491441876,51
41,41.0,Máy giặt Toshiba Inverter 7.5 Kg TW-BH85S2V WK ,16.0,Toshiba,0.2249946368776711,0.7750053631223288,5990000.0,61.0,12.400085809957261,32
42,42.0,Máy giặt LG Inverter 8 kg FM1208N6W ,9.0,LG,0.27772931118508726,0.7222706888149129,7760000.0,64.33333333333333,6.5004361993342155,63
43,43.0,Máy giặt LG Inverter 9 kg FV1409S2V - Chỉ giao Hà Nội ,6.0,LG,0.17922471609433696,0.8207752839056629,10539000.0,62.0,4.924651703433978,77
44,44.0,Máy giặt LG Inverter 10.5 kg FV1450S2B - Chỉ giao HCM ,14.0,LG,0.14640382351369496,0.853596176486305,13669000.0,65.33333333333333,11.95034647080827,34
45,45.0,Máy giặt Aqua 7.2 kg AQW-S72CT ,4.0,Aqua,0.21362212700356056,0.7863778729964395,3340000.0,30.0,3.145511491985758,113
46,46.0,Máy giặt Samsung Inverter 9 kg WW90K52E0WW/SV - Chỉ giao HCM và Hà Nội ,4.0,Samsung,0.19821085477715694,0.8017891452228431,7799000.0,63.0,3.2071565808913722,112
47,47.0,Máy giặt Sharp 10 kg ES-W100PV-H - Chỉ giao HCM ,11.0,Sharp,0.1696041237109252,0.8303958762890747,4590000.0,37.0,9.134354639179822,49
48,48.0,Máy giặt LG Inverter 9 kg FV1409S2V - Chỉ giao HCM ,6.0,LG,0.21949559543922634,0.7805044045607735,10699000.0,62.0,4.683026427364641,82
49,49.0,Máy Giặt Samsung Inverter 8.5 kg WW85J42G0BX/SV - Chỉ giao HCM ,7.0,Samsung,0.14573250700303322,0.8542674929969669,8090000.0,61.0,5.979872450978768,69
50,50.0,Máy Giặt Samsung 8.2kg WA82M5110SG ,8.0,Samsung,0.23262778188376076,0.7673722181162392,3990000.0,40.0,6.138977744929914,66
51,51.0,Máy giặt mini 1 lồng 6.5Kg chuyên dụng gia đình nhỏ  sinh viên ,3.0,OEM,0.5478781896370372,0.4521218103629628,1799999.0,29.333333333333332,1.3563654310888884,188
52,52.0,Máy giặt LG Inverter 8 kg FC1408S3E ,17.0,LG,0.23159986806434985,0.76840013193565,8749000.0,65.0,13.06280224290605,29
53,53.0,Máy giặt LG Inverter 9 kg FV1409S4W - Chỉ giao Hà Nội ,8.0,LG,0.2544963850816081,0.745503614918392,9339000.0,62.0,5.964028919347136,70
54,54.0,Máy giặt Toshiba 7 kg AW-K800AV(WW) - Chỉ giao HCM ,10.0,Toshiba,0.240871829778822,0.7591281702211782,3990000.0,33.0,7.591281702211782,59
55,55.0,Máy giặt Toshiba Inverter 9.5 Kg TW-BK105S2V(WS) - Chỉ giao HCM ,4.0,Toshiba,0.12798581410215273,0.8720141858978473,7105000.0,68.0,3.488056743591389,103
56,56.0,Máy giặt Toshiba 8 kg AW-K905DV(SG) - Chỉ giao HCM ,14.0,Toshiba,0.15507565985145352,0.8449243401485464,4850000.0,37.0,11.82894076207965,36
57,57.0,Máy Giặt Sấy Cửa Trước Inverter LG FV1450H2B (10.5kg/7kg) - Hàng Chính Hãng (Chỉ Giao Tại HCM) ,4.0,LG,0.19030930657560735,0.8096906934243926,16990000.0,76.33333333333333,3.2387627736975704,111
58,58.0,Máy giặt Electrolux Inverter 10 kg EWF1023BESA ,5.0,Electrolux,0.21546761017967092,0.7845323898203291,14250000.0,71.0,3.922661949101646,94
59,59.0,Máy Giặt Cửa Trước Inverter Electrolux EWF9025BQ (9kg) - Hàng Chính Hãng ,6.0,Electrolux,0.32207273127210606,0.677927268727894,8590000.0,62.0,4.067563612367364,91
60,60.0,Máy Giặt Cửa Trước Inverter Electrolux EWF8025BQ (8kg) - Hàng Chính Hãng ,9.0,Electrolux,0.2503810136848655,0.7496189863151347,7390000.0,62.0,6.746570876836212,61
61,61.0,Máy giặt sấy Samsung AddWash Inverter 9.5 kg WD95K5410OX/SV - HÀNG CHÍNH HÃNG ,2.0,Samsung,0.10375444409430742,0.8962455559056925,12490000.0,70.33333333333333,1.792491111811385,164
62,62.0,Máy giặt sấy Electrolux Inverter 8 kg EWW8023AEWA ,5.0,Electrolux,0.4714782085457613,0.5285217914542388,12619000.0,70.33333333333333,2.642608957271194,130
63,63.0,Máy giặt Electrolux Inverter 8 kg EWF8024ADSA - Hàng Chính Hãng ,8.0,Electrolux,0.2604662499464546,0.7395337500535455,9269000.0,55.333333333333336,5.916270000428364,71
64,64.0,Máy Giặt LG Inverter 8.5 Kg FV1408S4V - Chỉ Giao Hà Nội ,3.0,LG,0.27443136820488406,0.7255686317951159,9339000.0,62.0,2.1767058953853478,154
65,65.0,Máy giặt Sharp 7.8 kg ES-W78GV-G - Chỉ giao HCM ,3.0,Sharp,0.15221718410999804,0.8477828158900019,3589000.0,29.0,2.543348447670006,136
66,66.0,Máy giặt LG Inverter 9 kg FV1409S2W - Chỉ giao HCM ,3.0,LG,0.3413117287296233,0.6586882712703765,10229000.0,62.0,1.9760648138111296,160
67,67.0,Máy Giặt Mini Bán Tự Động  Tia UV Khử Khuẩn ,10.0,OEM,0.3824905290066276,0.6175094709933723,1150000.0,29.333333333333332,6.175094709933723,65
68,68.0,Máy Giặt Cửa Trên Sharp ES-W78GV-G (7.8kg) - Hàng Chính Hãng - Chỉ giao tại Hà Nội ,2.0,Sharp,0.5748038650543996,0.4251961349456005,3439000.0,29.0,0.850392269891201,215
69,69.0,Máy giặt Electrolux Inverter 8 kg EWF8024BDWA ,5.0,Electrolux,0.23892901697896402,0.7610709830210358,8550000.0,65.0,3.805354915105179,98
70,70.0,Máy giặt LG Inverter 11.5 kg T2351VSAM ,3.0,LG,0.15221718410999804,0.8477828158900019,5689000.0,40.0,2.543348447670006,137
71,71.0,Máy giặt Electrolux Inverter 8 kg EWF8024BDWA ,11.0,Electrolux,0.3016057228656797,0.6983942771343203,8590000.0,65.0,7.682337048477524,58
72,72.0,Máy giặt Panasonic 8 kg NA-F80VS9GRV ,1.0,Panasonic,0.15221718410999804,0.8477828158900019,4379000.0,34.0,0.8477828158900019,216
73,73.0,Máy giặt Aqua Inverter 9.5 kg AQD-D950E N Mẫu 2019 - HÀNG CHÍNH HÃNG ,2.0,Aqua,0.21553481492408505,0.7844651850759149,7250000.0,68.0,1.5689303701518298,181
74,74.0,Máy Giặt Cửa Trên Aqua AQW-S72CT (7.2kg) - Hàng Chính Hãng ,7.0,Aqua,0.23084035196943567,0.7691596480305644,3459000.0,30.0,5.38411753621395,74
75,75.0,Máy giặt LG Inverter 10.5 kg FV1450S2B - Chỉ giao Hà Nội ,4.0,LG,0.24572716826331686,0.7542728317366831,13979000.0,65.33333333333333,3.0170913269467325,118
76,76.0,Máy giặt Electrolux Inverter 9 kg EWF12933 ,8.0,Electrolux,0.1830718755962307,0.8169281244037693,8929000.0,52.333333333333336,6.535424995230154,62
77,77.0,Máy Giặt Inverter LG T2108VSPM2 (8kg) - Hàng Chính Hãng - Chỉ Giao Tại HCM ,3.0,LG,0.29837749381919326,0.7016225061808067,4649000.0,30.0,2.10486751854242,156
78,78.0,Máy giặt Toshiba Inverter 9.5 kg TW-BH105M4 ,2.0,Toshiba,0.11747347744304626,0.8825265225569537,7699000.0,71.0,1.7650530451139075,169
79,79.0,Máy giặt Electrolux Inverter 9 kg EWF9024BDWB ,4.0,Electrolux,0.4083722216448984,0.5916277783551015,9140000.0,71.0,2.366511113420406,147
80,80.0,Máy Giặt Mini Giặt Đồ Tiết Kiệm Nước Bán Tự Động Giặt 3 2kg Đồ ,1.0,OEM,0.1932904684568672,0.8067095315431329,840000.0,29.333333333333332,0.8067095315431329,234
81,81.0,Máy Giặt Samsung 8.2kg WA82M5110SG ,8.0,Samsung,0.25161794169275226,0.7483820583072478,3879000.0,40.0,5.987056466457982,68
82,82.0,Máy Giặt LG Inverter 8.5 Kg FV1408S4V - Chỉ Giao HCM ,4.0,LG,0.1257188239363904,0.8742811760636096,9339000.0,62.0,3.497124704254438,102
83,83.0,Máy giặt mini bán tự động   giặt đồ trẻ e không gây tiếng ồn ,2.0,OEM,0.3946596967467953,0.6053403032532048,810000.0,29.333333333333332,1.2106806065064095,194
84,84.0,Máy giặt Toshiba 8.2 kg AW-J920LV SB ,17.0,Toshiba,0.3139217753167548,0.6860782246832452,4679000.0,31.0,11.663329819615168,38
85,85.0,Máy Giặt Mini 2 Lồng - Giặt Đồ Trẻ Em ,6.0,OEM,0.39072809427527017,0.6092719057247299,2119000.0,29.333333333333332,3.655631434348379,99
86,86.0,Máy Giặt Samsung Inverter 9 kg WA90T5260BY/SV - Chỉ giao HCM ,1.0,Samsung,0.15221718410999804,0.8477828158900019,6479000.0,40.0,0.8477828158900019,217
87,87.0,Máy giặt mini tại xô DEKE GT-16AC tiết kiệm điện cho sinh viên và em bé có hẹn giờ và đảo chiều ,5.0,OEM,0.20659483796289005,0.79340516203711,1230000.0,29.333333333333332,3.96702581018555,92
88,88.0,Máy Giặt Cửa Trên Sharp ES-W80GV-H (8kg) - Hàng Chính Hãng - Chỉ giao tại Hà Nội ,4.0,Sharp,0.33282487900915986,0.6671751209908401,3650000.0,29.0,2.6687004839633603,126
89,89.0,Máy giặt Toshiba Inverter 9.5 kg TW-BH105M4 ,3.0,Toshiba,0.20281661348998045,0.7971833865100195,7699000.0,71.0,2.3915501595300586,146
90,90.0,Máy giặt Toshiba Inverter 9 Kg AW-DJ1000CV SK ,11.0,Toshiba,0.26331487872284165,0.7366851212771585,6899000.0,39.0,8.103536334048743,56
91,91.0,Máy giặt sấy LG Inverter 10.5 kg FV1450H2B - HÀNG CHÍNH HÃNG ,5.0,LG,0.21659036389551609,0.7834096361044839,16750000.0,76.33333333333333,3.9170481805224195,95
92,92.0,Máy Giặt Quần Áo Mini Bán Tự Động Cao Cấp Tiết KIệm Điện Nước ,2.0,OEM,0.10375444409430742,0.8962455559056925,870000.0,29.333333333333332,1.792491111811385,165
93,93.0,Máy giặt Toshiba 8 kg AW-K900DV(WW) - Chỉ giao HCM ,2.0,Toshiba,0.39499299393413995,0.6050070060658601,4499000.0,37.0,1.2100140121317202,195
94,94.0,Máy giặt LG Inverter 9 kg FM1209N6W ,1.0,LG,0.37943704420379853,0.6205629557962014,8690000.0,64.0,0.6205629557962014,253
95,96.0,Máy giặt Electrolux Inverter 11 kg EWF1141SESA - HÀNG CHÍNH HÃNG ,2.0,Electrolux,0.15221718410999804,0.8477828158900019,17390000.0,76.33333333333333,1.6955656317800039,173
96,97.0,Máy Giặt Sấy LG Inverter 8.5 Kg FV1408G4W - Chỉ Giao HCM ,1.0,LG,0.2317265260472025,0.7682734739527973,10999000.0,69.0,0.7682734739527973,241
97,98.0,Máy giặt sấy Samsung Inverter 10.5 kg WD10K6410OS/SV ,1.0,Samsung,0.0726566022486876,0.9273433977513126,14199000.0,72.0,0.9273433977513126,209
98,99.0,Máy giặt Samsung Addwash Inverter 10 kg WW10K54E0UX/SV - Chỉ giao HCM ,2.0,Samsung,0.15221718410999804,0.8477828158900019,9999000.0,63.0,1.6955656317800039,174
99,100.0,Máy giặt Toshiba 8.2 kg AW-F920LV WB ,2.0,Toshiba,0.23348170730755705,0.7665182926924428,4049000.0,31.0,1.5330365853848855,183
100,102.0,Máy giặt Sharp 8 kg ES-W80GV-H -Chỉ giao HCM ,5.0,Sharp,0.09437579765202408,0.9056242023479758,3519000.0,29.0,4.528121011739879,85
101,103.0,Máy giặt Toshiba Inverter 9.0 kg AW-DK1000FV-KK - HÀNG CHÍNH HÃNG ,4.0,Toshiba,0.23305476908938783,0.7669452309106122,7990000.0,40.0,3.0677809236424487,117
102,104.0,Máy giặt LG Inverter 8 kg FC1408S3E ,6.0,LG,0.1241783347968103,0.8758216652031897,8759000.0,65.0,5.2549299912191385,76
103,105.0,Máy giặt Aqua 8 Kg AQW-S80CT H2 ,5.0,Aqua,0.21864812984999804,0.781351870150002,3919000.0,34.0,3.9067593507500096,96
104,106.0,Máy Giặt Samsung Inverter 9kg WW90K54E0UW/SV ,5.0,Samsung,0.30023113322409534,0.6997688667759047,8990000.0,63.0,3.498844333879523,101
105,107.0,Máy giặt LG Inverter 9 kg FC1409S2E ,10.0,LG,0.19735691828950488,0.802643081710495,10570000.0,54.333333333333336,8.02643081710495,57
106,108.0,Máy giặt LG Inverter 19 kg TH2519SSAK ,2.0,LG,0.10375444409430742,0.8962455559056925,13390000.0,62.0,1.792491111811385,166
107,109.0,Máy Giặt Cửa Trên Samsung WA85M5120SG/SV (8.5kg) - Xám - Hàng Chính Hãng ,1.0,Samsung,0.15221718410999804,0.8477828158900019,4390000.0,41.0,0.8477828158900019,218
108,110.0,Máy giặt Electrolux Inverter 8 kg EWF8024ADSA ,6.0,Electrolux,0.1830753815381219,0.816924618461878,9890000.0,65.0,4.901547710771268,78
109,111.0,Máy Giặt SamSung 8.5kg WA85J5711SG ,1.0,Samsung,0.8046476544834258,0.19535234551657418,4790000.0,42.0,0.19535234551657418,264
110,112.0,Máy giặt LG Inverter 9kg FV1409S3W - Chỉ giao Hà Nội ,1.0,LG,0.13677422462043437,0.8632257753795656,9379000.0,62.0,0.8632257753795656,214
111,113.0,Máy giặt Samsung Inverter 8 kg WW80T3020WW - Chỉ giao Hà Nội ,3.0,Samsung,0.26420966733365286,0.7357903326663472,6190000.0,57.0,2.2073709979990417,152
112,114.0,Máy giặt LG Inverter 10.5 kg FV1450S3W - Chỉ giao Hà Nội ,3.0,LG,0.13052216224418087,0.8694778377558191,12399000.0,70.33333333333333,2.608433513267457,132
113,115.0,Máy giặt sấy Electrolux Inverter 8 kg EWW8023AEWA ( hàng chính hãng) ,1.0,Electrolux,0.4813585052720984,0.5186414947279017,12590000.0,70.33333333333333,0.5186414947279017,259
114,116.0,Máy Giặt Cửa Trước Inverter Electrolux EWF8025CQ (8kg) - Hàng Chính Hãng ,3.0,Electrolux,0.1931830580088881,0.8068169419911119,7009000.0,62.0,2.4204508259733357,145
115,117.0,Máy Giặt Cửa Trên Sharp ES-W102PV-H (10.2kg) - Hàng Chính Hãng - Chỉ giao tại Hà Nội ,4.0,Sharp,0.21687422740923648,0.7831257725907635,5050000.0,37.0,3.132503090363054,115
116,118.0,Máy giặt Electrolux Inverter 9 kg EWF9024BDWA ,2.0,Electrolux,0.3898370169370534,0.6101629830629467,9490000.0,62.0,1.2203259661258934,193
117,119.0,Máy Giặt Samsung Inverter 9kg WW90K54E0UW/SV ,5.0,Samsung,0.2083511397523496,0.7916488602476504,9090000.0,63.0,3.9582443012382518,93
118,120.0,Máy giặt LG Inverter 9 kg FV1409S4W - Chỉ giao HCM ,2.0,LG,0.15221718410999804,0.8477828158900019,9199000.0,62.0,1.6955656317800039,175
119,121.0,Máy giặt Sharp 11 kg ES-W110HV-S - Chỉ giao HCM ,2.0,Sharp,0.145428792065097,0.854571207934903,5190000.0,37.0,1.709142415869806,172
120,123.0,Máy giặt Toshiba Inverter 9.5 kg TW-BH105M4V SK Mẫu 2019 (HÀNG CHÍNH HÃNG) ,4.0,Toshiba,0.17384253208276634,0.8261574679172338,8890000.0,52.333333333333336,3.304629871668935,107
121,124.0,Máy giặt Samsung Inverter 9 kg WW90J54E0BW/SV ,4.0,Samsung,0.38244053139903356,0.6175594686009663,8190000.0,61.0,2.4702378744038653,144
122,125.0,Máy giặt LG Inverter 15.5 kg T2555VS2M ,5.0,LG,0.13949618303356787,0.8605038169664321,9640000.0,63.0,4.30251908483216,88
123,126.0,Máy giặt Samsung WA90M5120SG/SV ,2.0,Samsung,0.4641289172629254,0.5358710827370746,4369000.0,41.0,1.0717421654741492,198
124,127.0,Máy giặt sấy Electrolux Inverter 10 kg EWW1042AEWA ,1.0,Electrolux,0.2558099788879823,0.7441900211120177,18450000.0,76.33333333333333,0.7441900211120177,243
125,128.0,Máy Giặt Cửa Trên Inverter LG T2351VSAM (11.5kg) - Hàng Chính Hãng ,1.0,LG,0.29619882349996773,0.7038011765000323,5790000.0,40.0,0.7038011765000323,247
126,132.0,Máy Giặt Mini 2 Lồng Giặt Vắt Độc Lập Cao Cấp ,1.0,OEM,0.15221718410999804,0.8477828158900019,1765000.0,29.333333333333332,0.8477828158900019,219
127,133.0,Máy giặt Toshiba Inverter 8.5 kg TW-BH95M4 ,4.0,Toshiba,0.3616827006666677,0.6383172993333324,6940000.0,68.0,2.5532691973333295,135
128,135.0,Máy giặt LG Inverter 13 kg TH2113SSAK ,3.0,LG,0.3721199862258276,0.6278800137741724,10490000.0,38.0,1.8836400413225172,163
129,136.0,Máy giặt LG Inverter 9 kg FC1409S2E ,15.0,LG,0.39117932629744007,0.6088206737025599,10399000.0,54.0,9.132310105538398,50
130,137.0,Máy giặt Aqua 10 Kg AQW-FR100ET-S HÀNG CHÍNH HÃNG ,3.0,Aqua,0.42948366364863416,0.5705163363513658,5390000.0,40.0,1.7115490090540972,171
131,138.0,Máy giặt Electrolux Inverter 8 kg EWF8025BQWA ,1.0,Electrolux,0.15221718410999804,0.8477828158900019,7280000.0,62.0,0.8477828158900019,220
132,139.0,Máy giặt Electrolux Inverter 7.5 Kg EWF7525DQWA ,4.0,Electrolux,0.3781882809382014,0.6218117190617986,6670000.0,62.0,2.487246876247194,141
133,140.0,Máy giặt LG Inverter 10.5 kg FV1450S3V - Chỉ giao HCM ,3.0,LG,0.11103478785080796,0.8889652121491922,12979000.0,62.0,2.6668956364475767,127
134,141.0,Máy giặt LG Inverter 9 kg FM1209N6W ,3.0,LG,0.13964588916051635,0.8603541108394835,8690000.0,64.0,2.5810623325184507,133
135,142.0,Máy giặt Electrolux Inverter 9kg EWF9023BDWA ,3.0,Electrolux,0.14466102366209502,0.855338976337905,11249000.0,69.66666666666667,2.566016929013715,134
136,143.0,Máy giặt Sharp 9 kg ES-W90PV-H - Chỉ giao HCM ,2.0,Sharp,0.3091794928904117,0.6908205071095883,4219000.0,29.0,1.3816410142191766,187
137,145.0,Máy giặt Electrolux Inverter 9.5 kg EWF9523ADSA ,2.0,Electrolux,0.4065475038015827,0.5934524961984173,12290000.0,71.0,1.1869049923968347,196
138,146.0,Máy Giặt Inverter LG T2108VSPM2 (8kg) - Hàng Chính Hãng - Chỉ Giao Tại Hà Nội ,2.0,LG,0.0376949550603696,0.9623050449396304,4990000.0,30.0,1.9246100898792609,162
139,147.0,Máy giặt Panasonic Inverter 8.5 kg NA-FS85X7LRV ,1.0,Panasonic,0.04142728342194394,0.9585727165780559,7490000.0,40.0,0.9585727165780559,204
140,150.0,Máy giặt Toshiba inverter 9.5 kg TW-BK105G4V-SS - Hàng Chính Hãng - chỉ giao hàng TP.HCM ,1.0,Toshiba,0.43238616029783594,0.567613839702164,10890000.0,71.0,0.567613839702164,257
141,151.0,Máy giặt Inverter Electrolux EWF1024BDWA .10Kg ( hàng chính hãng ) ,3.0,Electrolux,0.25712805619422063,0.7428719438057794,10479000.0,54.333333333333336,2.228615831417338,151
142,153.0,Máy giặt Candy 12kg GVF1412LWHC3/1-S ,2.0,Candy,0.11851251647497003,0.8814874835250303,8449000.0,54.666666666666664,1.7629749670500605,170
143,154.0,Máy giặt Samsung Addwash Inverter 9 kg WW90K54E0UX/SV ,1.0,Samsung,0.04142728342194394,0.9585727165780559,10690000.0,63.0,0.9585727165780559,205
144,155.0,Máy giặt sấy Electrolux Inverter 10 kg EWW1042AEWA ( hàng chính hãng) ,1.0,Electrolux,0.15221718410999804,0.8477828158900019,18550000.0,76.33333333333333,0.8477828158900019,221
145,156.0,Máy giặt Toshiba 9 kg AW-K1000FV(WW) - Chỉ giao HCM ,2.0,Toshiba,0.25359947833966656,0.7464005216603333,5149000.0,40.0,1.4928010433206667,184
146,158.0,Máy giặt Toshiba 9 Kg AW-H1000GV SB ,3.0,Toshiba,0.4692353561852271,0.5307646438147727,5890000.0,39.0,1.5922939314443183,180
147,160.0,Máy Giặt PANASONIC INVERTER 11.5 Kg NA-FD11AR1GV - HÀNG CHÍNH HÃNG ,1.0,Panasonic,0.18349077591478274,0.8165092240852171,9490000.0,62.0,0.8165092240852171,233
148,161.0,Máy giặt Sharp 9 kg ES-W90PV-H - HÀNG CHÍNH HÃNG ,1.0,Sharp,0.3689568157082307,0.6310431842917693,4290000.0,29.0,0.6310431842917693,251
149,162.0,Máy Giặt Cửa Trước Inverter Aqua AQD-D850E (8.5kg) - Hàng Chính Hãng ,4.0,Aqua,0.4875203626921868,0.5124796373078132,8290000.0,73.0,2.049918549231253,157
150,163.0,Máy giặt Electrolux Inverter 9 Kg EWF9025BQSA ,1.0,Electrolux,0.25431319478913433,0.7456868052108657,8690000.0,62.0,0.7456868052108657,242
151,164.0,Máy Giặt Cửa Trước Inverter Electrolux EWF8025BQWA (8kg) - Hàng Chính Hãng ,0.0,Electrolux,0.8761271534323707,0.12387284656762917,7590000.0,62.0,0.0,265
152,166.0,Máy giặt Sharp 10.2Kg ES-W102PV-H MẪU MỚI 2019 - HÀNG CHÍNH HÃNG ,2.0,Sharp,0.33604222061033384,0.663957779389666,4749000.0,36.666666666666664,1.327915558779332,189
153,167.0,Máy giặt LG Inverter 8 kg FC1408S4W2 ,149.0,LG,0.27516115918659395,0.7248388408134062,8250000.0,62.0,108.00098728119752,1
154,168.0,Máy giặt Electrolux Inverter 9kg EWF9023BDWA ,2.0,Electrolux,0.17849670220056554,0.8215032977994344,11249000.0,69.66666666666667,1.6430065955988689,178
155,169.0,Máy giặt Sharp 11Kg ES-W110HV-S - HÀNG CHÍNH HÃNG ,8.0,Sharp,0.3373952539787025,0.6626047460212975,5089000.0,35.666666666666664,5.30083796817038,75
156,170.0,Máy giặt sấy LG Inverter 10.5 kg FG1405H3W1 ,2.0,LG,0.5468027417014146,0.4531972582985855,18190000.0,86.0,0.906394516597171,210
157,173.0,Máy giặt LG TWINWash Inverter F2721HTTV & T2735NWLV ,2.0,LG,0.2288997833486408,0.7711002166513592,38290000.0,76.33333333333333,1.5422004333027184,182
158,176.0,MÁY GIẶT MINI SÓNG ÂM UFO CAO CẤP ,2.0,OEM,0.15221718410999804,0.8477828158900019,590000.0,29.333333333333332,1.6955656317800039,176
159,177.0,Máy giặt Aqua Inverter 10 Kg AQW-DR100ET S ,1.0,Aqua,0.15221718410999804,0.8477828158900019,6849000.0,40.0,0.8477828158900019,222
160,179.0,Máy giặt Panasonic Inverter 9.5 kg NA-FS95V7LMX ,3.0,Panasonic,0.3576209543107595,0.6423790456892404,7849000.0,40.0,1.9271371370677213,161
161,182.0,Máy giặt Panasonic 10 kg NA-F100A4GRV ,1.0,Panasonic,0.38375242880940913,0.6162475711905909,6179000.0,36.0,0.6162475711905909,254
162,183.0,Máy giặt Toshiba Inverter 8.5 kg TW-BH95M4 ,1.0,Toshiba,0.5479511716393654,0.45204882836063465,6950000.0,68.0,0.45204882836063465,262
163,186.0,Máy giặt LG Inverter 10.5 kg T2350VS2M ,0.0,LG,0.15221718410999804,0.8477828158900019,6155000.0,42.0,0.0,266
164,189.0,Máy giặt Candy Inverter 9 kg GVS 149THC3/1-04 - Chỉ giao HCM ,1.0,Candy,0.2718395418027699,0.7281604581972301,5999000.0,68.0,0.7281604581972301,244
165,190.0,Máy giặt Panasonic 9 kg NA-F90A4GRV ,4.0,Panasonic,0.2760991987041148,0.7239008012958852,5760000.0,36.0,2.8956032051835408,119
166,191.0,Máy Giặt Cửa Trên Aqua AQW-F800BT-N (8kg) - Hàng Chính Hãng ,1.0,Aqua,0.0552917040786168,0.9447082959213832,4469000.0,43.0,0.9447082959213832,207
167,193.0,Máy giặt Toshiba 8.2 kg AW-F920LV WB ,1.0,Toshiba,0.15221718410999804,0.8477828158900019,4049000.0,31.0,0.8477828158900019,223
168,194.0,Máy giặt LG Inverter 13.5 kg T2553VS2M ,5.0,LG,0.31502370933563884,0.6849762906643612,6990000.0,64.33333333333333,3.424881453321806,104
169,195.0,Máy Giặt Sharp ES-W100PV-H 10 Kg - HÀNG CHÍNH HÃNG ,1.0,Sharp,0.41000863551367295,0.589991364486327,4559000.0,34.333333333333336,0.589991364486327,255
170,196.0,MÁY GIẶT PANASONIC INVERTER 10.5 KG NA-FD10VR1BV - HÀNG CHÍNH HÃNG ,1.0,Panasonic,0.009335216154516424,0.9906647838454837,10270000.0,53.666666666666664,0.9906647838454837,201
171,197.0,Máy giặt sấy LG Inverter 10.5 kg FV1450H2B - Chỉ giao Hà Nội ,2.0,LG,0.511351580186467,0.488648419813533,16985000.0,76.33333333333333,0.977296839627066,202
172,198.0,Máy giặt LG Inverter 10.5 kg FV1450S3W - HÀNG CHÍNH HÃNG ,1.0,LG,0.15221718410999804,0.8477828158900019,12240000.0,70.33333333333333,0.8477828158900019,224
173,199.0,Máy giặt LG Inverter 13.5 kg T2553VS2M ,1.0,LG,0.15221718410999804,0.8477828158900019,7590000.0,62.666666666666664,0.8477828158900019,225
174,203.0,Máy giặt Toshiba Inverter 16 kg AW-DUG1700WV (SS) ,3.0,Toshiba,0.3197520206949558,0.6802479793050442,13690000.0,53.0,2.0407439379151326,159
175,205.0,Máy Giặt Toshiba 8Kg AW-K905DV (SG) - HÀNG CHÍNH HÃNG ,2.0,Toshiba,0.4173044405466797,0.5826955594533203,4849000.0,40.0,1.1653911189066406,197
176,206.0,Máy Giặt Electrolux Inverter 11kg EWF1141AEWA ,1.0,Electrolux,0.2232297324927928,0.7767702675072072,18250000.0,76.33333333333333,0.7767702675072072,240
177,210.0,Máy Giặt Cửa Trước Inverter Electrolux EWF8025CQ (8kg) - Hàng Chính Hãng ,1.0,Electrolux,0.15221718410999804,0.8477828158900019,7750000.0,62.0,0.8477828158900019,226
178,211.0,Máy Giặt Cửa Trên Inverter LG T2395VS2 (9.5kg) - Hàng Chính Hãng ,3.0,LG,0.15221718410999804,0.8477828158900019,5690000.0,38.0,2.543348447670006,138
179,214.0,Máy giặt Samsung 10 kg WA10J5710SG/SV ,5.0,Samsung,0.1328320881037218,0.8671679118962782,5490000.0,38.0,4.335839559481391,87
180,216.0,Máy giặt Electrolux Inverter 10kg EWF1042BDWA ,1.0,Electrolux,0.15221718410999804,0.8477828158900019,13189000.0,62.0,0.8477828158900019,227
181,217.0,Máy Giặt Cửa Trên Sharp ES-W78GV-H (7.8kg) - Hàng Chính Hãng - Chỉ giao tại Hà Nội ,2.0,Sharp,0.17961713888208497,0.8203828611179149,3439000.0,29.0,1.6407657222358298,179
182,218.0,Máy Giặt Cửa Trên Sharp ES-W90PV-H (9kg) - Hàng Chính Hãng - Chỉ giao tại Hà Nội ,1.0,Sharp,0.4888730527484537,0.5111269472515464,4490000.0,29.0,0.5111269472515464,260
183,219.0,Máy giặt sấy Electrolux Inverter 11 kg EWW1141AEWA ,1.0,Electrolux,0.1780463934743293,0.8219536065256707,19990000.0,76.33333333333333,0.8219536065256707,232
184,221.0,Máy Giặt LG Inverter 10.5 kg T2350VS2W Mẫu 2019 - Hàng Chính Hãng ,2.0,LG,0.10375444409430742,0.8962455559056925,5590000.0,39.666666666666664,1.792491111811385,167
185,223.0,Máy giặt AQUA AQW-S90CT (H2)  9.0kg (HÀNG CHÍNH HÃNG) ,1.0,Aqua,0.04144794124713978,0.9585520587528603,4559000.0,34.333333333333336,0.9585520587528603,206
186,226.0,Máy Giặt Candy 8Kg GVS 148THC3/1-04 - Chỉ giao HCM ,1.0,Candy,0.15221718410999804,0.8477828158900019,6300000.0,65.0,0.8477828158900019,228
187,228.0,Máy Giặt Cửa Trên Panasonic NA-F80VS9GRV (8kg) - Hàng Chính Hãng ,1.0,Panasonic,0.41655727706203716,0.583442722937963,4990000.0,34.0,0.583442722937963,256
188,230.0,Máy Giặt Cửa Trên Inverter LG TH2722SSAK (22Kg) - Mẫu 2019 - Hàng Chính Hãng ,2.0,LG,0.6878269587394436,0.3121730412605564,15590000.0,71.0,0.6243460825211128,252
189,231.0,Máy giặt Sharp 10.2 kg ES-W102PV-H - Chỉ giao HCM ,1.0,Sharp,0.28257158752395695,0.717428412476043,4769000.0,37.0,0.717428412476043,245
190,232.0,Máy giặt Samsung Addwash Inverter 10 kg WW10K54E0UX/SV - Hàng Chính Hãng ,1.0,Samsung,0.20250963530973423,0.797490364690266,10890000.0,67.33333333333333,0.797490364690266,238
191,233.0,Máy Giặt Cửa Trước Inverter Electrolux EWF1023BEWA (10kg) - Hàng Chính Hãng ,1.0,Electrolux,0.3493872629568946,0.6506127370431054,12959000.0,71.0,0.6506127370431054,250
192,234.0,Máy giặt Toshiba Inverter 10 kg AW-DUH1100GV ,1.0,Toshiba,0.2963502065477688,0.7036497934522313,8949000.0,47.0,0.7036497934522313,248
193,238.0,Máy Giặt Cửa Trước Samsung Inverter Addwash WW85K54E0 (8.5kg) - Hàng Chính Hãng ,15.0,Samsung,0.34556847888329073,0.6544315211167092,9870000.0,63.0,9.816472816750638,45
194,239.0,Máy Giặt Cửa Trước Inverter LG FV1450S3W (10.5kg) - Hàng Chính Hãng (Chỉ Giao Tại Hồ Chí Minh) ,3.0,LG,0.23523229354389974,0.7647677064561004,12123000.0,70.33333333333333,2.2943031193683012,149
195,240.0,Máy giặt Electrolux Inverter 9.5 kg EWF9523ADSA ,1.0,Electrolux,0.3302133518646887,0.6697866481353114,12290000.0,71.0,0.6697866481353114,249
196,244.0,Máy giặt Samsung 9 kg WA90J5710SG/SV ,1.0,Samsung,0.222645323302061,0.7773546766979388,5190000.0,41.0,0.7773546766979388,239
197,245.0,Máy giặt Aqua 7.2 kg AQW-S72CT ,2.0,Aqua,0.5122759479326825,0.48772405206731767,3590000.0,30.0,0.9754481041346353,203
198,248.0,Máy giặt Samsung Inverter 9 kg WW90J54E0BW/SV ,2.0,Samsung,0.10375444409430742,0.8962455559056925,8190000.0,61.0,1.792491111811385,168
199,250.0,Máy Giặt Samsung Inverter 9.5 kg WW95J42G0BX/SV - Chỉ Giao HCM ,6.0,Samsung,0.4826308367347516,0.5173691632652483,9390000.0,61.0,3.1042149795914895,116
200,252.0,Máy giặt Toshiba Inverter 9.5 kg TW-BH105M4V WK (HÀNG CHÍNH HÃNG) ,4.0,Toshiba,0.44010830636642306,0.5598916936335769,7751000.0,64.33333333333333,2.2395667745343077,150
201,253.0,Máy giặt LG Inverter 9 kg FC1409S3W ,38.0,LG,0.2993553105147594,0.7006446894852403,9490000.0,62.0,26.62449820043913,16
202,257.0,Máy giặt Candy Inverter 8 kg GSV 138DH3-S ,1.0,Candy,0.15221718410999804,0.8477828158900019,6259000.0,61.0,0.8477828158900019,229
203,261.0,Máy giặt Toshiba 9 kg AW-K1005FV(SG) - Chỉ giao HCM ,3.0,Toshiba,0.15221718410999804,0.8477828158900019,5590000.0,40.0,2.543348447670006,139
204,262.0,máy giặt đồ mini ,1.0,OEM,0.15221718410999804,0.8477828158900019,2145000.0,29.333333333333332,0.8477828158900019,230
205,264.0,Máy giặt Toshiba Inverter 8.5 kg TW-BH95M4V - WK - Hàng Chính Hãng ,1.0,Toshiba,0.15221718410999804,0.8477828158900019,6959000.0,66.33333333333333,0.8477828158900019,231
206,265.0,Máy giặt LG Inverter 8 kg FC1408S5W ,53.0,LG,0.286318223955764,0.7136817760442361,7690000.0,62.0,37.825134130344516,8
207,266.0,Máy Giặt Samsung 10kg WA10J5710SW/SV ,8.0,Samsung,0.22764402783105986,0.7723559721689401,9299000.0,42.0,6.178847777351521,64
208,267.0,Máy giặt Aqua Inverter 8.5 kg AQD-D850E W Mẫu 2019 - HÀNG CHÍNH HÃNG ,3.0,Aqua,0.5264505954265181,0.473549404573482,6990000.0,64.33333333333333,1.420648213720446,185
209,271.0,Máy Giặt Samsung WA10J5750SG/SV (10 Kg) - Hàng Chính Hãng ,1.0,Samsung,0.6107964951075397,0.38920350489246025,6469000.0,69.0,0.38920350489246025,263
210,272.0,Máy Giặt Cửa Trước Samsung Inverter Addwash WW85K54E0 (8.5kg) - Hàng Chính Hãng ,1.0,Samsung,0.4536801734792963,0.5463198265207039,9870000.0,63.0,0.5463198265207039,258
211,273.0,Máy giặt Electrolux Inverter 10kg EWF1042BDWA ,1.0,Electrolux,0.5358082297410104,0.4641917702589896,13189000.0,62.0,0.4641917702589896,261
212,280.0,Máy giặt LG Inverter 9 kg FC1409S3W ,13.0,LG,0.27462311535901857,0.7253768846409815,9350000.0,62.0,9.429899500332759,47
213,282.0,Máy giặt Aqua Inverter 9 Kg AQW-DK90CT S ,3.0,Aqua,0.11336339269500552,0.8866366073049945,5690000.0,34.0,2.6599098219149835,129
214,283.0,Máy Giặt Toshiba 9kg AW-G1000GV WG - Hàng Chính Hãng ,2.0,Toshiba,0.47193890104674996,0.52806109895325,5089000.0,37.0,1.0561221979065,200
215,284.0,Máy giặt Electrolux Inverter 9 kg EWF12938 ,1.0,Electrolux,0.1998085614197782,0.8001914385802219,9890000.0,66.33333333333333,0.8001914385802219,237
216,286.0,Máy giặt Electrolux EWF9025BQSA  9.0kg  Inverter (Model 2018)electrolux - Hàng Chính Hãng ,2.0,Electrolux,0.3546996986375599,0.6453003013624401,8739000.0,64.0,1.2906006027248802,191
217,288.0,Máy giặt sấy AQUA AQD-DH1050C N  giặt 10.5kg  sấy 7kg  Inverter ( HÀNG CHÍNH HÃNG) ,2.0,Aqua,0.16422879115069972,0.8357712088493001,12490000.0,70.33333333333333,1.6715424176986002,177
218,289.0,Máy giặt Toshiba Inverter 10 kg AW-DUH1100GV ,1.0,Toshiba,0.0552917040786168,0.9447082959213832,8990000.0,47.0,0.9447082959213832,208
219,295.0,Máy giặt Panasonic Inverter 9 Kg NA-V90FX1LVT - HÀNG CHÍNH HÃNG ,1.0,Panasonic,0.13293971737658075,0.8670602826234192,13490000.0,62.0,0.8670602826234192,212
220,296.0,Máy Giặt Cửa Trước Inverter Beko WTE 7512 XS0 (7kg) - Hàng chính hãng ,3.0,Beko,0.11148190194371717,0.8885180980562827,6790000.0,59.0,2.665554294168848,128
221,297.0,Máy Giặt Cửa Trước Samsung Inverter WW80J54E0 (8kg) - Hàng Chính Hãng ,1.0,Samsung,0.13386627084549593,0.8661337291545042,10200000.0,61.0,0.8661337291545042,213
222,298.0,Máy giặt Panasonic 8.5 kg NA-F85A4HRV ,3.0,Panasonic,0.268694597036202,0.7313054029637979,5490000.0,35.0,2.1939162088913937,153
223,299.0,Máy Giặt Panasonic 9kg NA-F90X5LRV ,1.0,Panasonic,,,6590000.0,38.0,33.9814721785115,10
224,306.0,Máy giặt Samsung 9 kg WA90J5710SG/SV ,3.0,Samsung,,,5190000.0,41.0,1.3264327119628039,190
225,312.0,Máy giặt Electrolux Inverter 9 kg EWF9024BDWB - Hàng Chính Hãng ,1.0,Electrolux,,,9090000.0,65.66666666666667,3.274533249512727,108
226,313.0,Máy giặt LG Inverter 11 kg TH2111SSAL -Hàng Chính Hãng ,1.0,LG,,,9390000.0,61.666666666666664,9.336910295365438,48
227,317.0,MÁY GIẶT 9KG KÈM SẤY 6KG LỒNG NGANG HAFELE HWD-F60A 533.93.100 - Hàng chính hãng ,1.0,HAFELE,,,22941200.0,75.66666666666667,0.8046421478425634,235
228,321.0,Máy giặt Sharp 9.5 kg ES-W95HV-S - Chỉ giao HCM ,1.0,Sharp,,,4479000.0,37.0,0.8886164184348834,211
229,324.0,Máy giặt Toshiba Inverter 11 kg AW-DUH1200GV ,2.0,Toshiba,,,8950000.0,47.0,2.727927694867923,124
230,325.0,Máy giặt Beko Inverter 8 kg WTV 8512 XS0 ,4.0,Beko,,,8290000.0,70.0,39.44799687941653,7
231,328.0,Máy giặt Toshiba 9 Kg AW-H1000GV SB ,1.0,Toshiba,,,5450000.0,39.0,2.747101592475627,121
232,330.0,Máy giặt Toshiba 9.5 Kg AW-UH1050GV DS ,1.0,Toshiba,,,6790000.0,42.0,3.8722911480358646,97
233,332.0,Máy giặt Samsung Addwash Inverter 9 kg WW90K54E0UX/SV ,3.0,Samsung,,,10690000.0,63.0,4.8321832686149,80
234,337.0,Máy Giặt Sấy Cửa Trước Inverter LG F2721HTTV (21kg) - Hàng Chính Hãng ,1.0,LG,,,33890000.0,75.66666666666667,1.070645618572797,199
235,347.0,Máy giặt Toshiba Inverter 8.5 kg TW-BH95M4V(SK) - Hàng chính hãng ,2.0,Toshiba,,,7639000.0,64.0,12.890972315411505,31
236,352.0,Máy giặt Samsung 8.5 kg WA85M5120SW/SV ,6.0,Samsung,,,4899000.0,41.0,4.5259248679747515,86
237,355.0,Máy giặt Panasonic 9 kg NA-F90A4GRV ,2.0,Panasonic,,,5890000.0,36.0,4.89872697263387,79
238,356.0,Máy giặt Electrolux Inverter 9 kg EWF9024BDWA ,3.0,Electrolux,,,9269000.0,55.333333333333336,6.0197155657090065,67
239,358.0,Máy giặt Toshiba 9 Kg AW-H1000GV SB ,1.0,Toshiba,,,5580000.0,39.0,2.1765852561242616,155
240,361.0,Máy giặt Electrolux Inverter 12 kg EWT1254DCWA ,4.0,Electrolux,,,7590000.0,62.666666666666664,3.140967812267167,114
241,376.0,Máy Giặt Panasonic 9.0 Kg NA-F90VS9DRV - Hàng Chính Hãng ,0.0,Panasonic,,,5350000.0,38.0,2.747101592475627,122
242,379.0,Máy giặt Panasonic Inverter 10 Kg NA-V10FX1LVT - hàng chính hãng ,1.0,Panasonic,,,16390000.0,75.66666666666667,2.711035931282352,125
243,384.0,Máy giặt Electrolux 10 kg EWF1023BESA .2019 ( hàng chính hãng) ,0.0,Electrolux,,,14299000.0,71.0,2.62236555793323,131
244,390.0,Máy giặt Electrolux Inverter 9 kg EWF9024ADSA - Hàng Chính Hãng ,3.0,Electrolux,,,9790000.0,63.0,10.019654154621687,42
245,401.0,Máy Giặt Cửa Trước Whirlpool WFRB802AHW (8kg) - Hàng chính hãng ,2.0,WHIRLPOOL,,,7990000.0,55.0,4.5878846322736475,84
246,407.0,MÁY GIẶT LG 13 KG TH2113SSAK - Hàng Chính Hãng ,3.0,LG,,,10290000.0,53.666666666666664,1.277621108937039,192
247,408.0,Máy giặt LG Inverter 15.5 kg T2555VS2M ,4.0,LG,,,9640000.0,63.0,11.683796855564829,37
248,410.0,Máy Giặt AQUA 9.8 Kg AQD-D980AZT(W) - Hàng Chính Hãng ,1.0,Aqua,,,7659000.0,67.0,17.380591887256372,23
249,450.0,Máy Giặt Cửa Trước Inverter Aqua AQD-D950E (9.5kg) - Hàng Chính Hãng ,1.0,Aqua,,,7269000.0,80.0,3.3163000537932614,106
250,452.0,Máy giặt Panasonic 11.5 kg NA-F115V5LRV ,1.0,Panasonic,,,9750000.0,63.0,11.271720574058838,41
251,463.0,Máy giặt Panasonic 10 kg NA-F100V5LRV ,1.0,Panasonic,,,8279000.0,38.0,37.281132314080054,9
252,464.0,Máy Sấy Cửa Ngang Candy GVC D813B-S (8.0 Kg) - Trắng - Hàng Chính Hãng ,1.0,Candy,,,8159000.0,61.0,3.414200479064673,105
253,466.0,Máy giặt Panasonic Inverter 9.5 Kg NA-FS95X7LRV ,3.0,Panasonic,,,8390000.0,40.0,28.701075261539817,15
254,500.0,Máy giặt sấy LG Inverter 10.5 kg FG1405H3W1 - Hàng Chính Hãng ,1.0,LG,,,20990000.0,75.66666666666667,0.8046421478425634,236
255,513.0,Máy giặt Samsung 9.0 Kg Addwash WW90K44G0YW/SV - HÀNG CHÍNH HÃNG ,1.0,Samsung,,,9090000.0,63.0,3.274533249512727,109
256,515.0,Máy giặt Electrolux Inverter 8 kg EWF8024BDWA ,1.0,Electrolux,,,8529000.0,65.0,29.17828599111043,14
257,516.0,Máy Giặt Cửa Trước Inverter Electrolux EWF12938S (9kg) - Hàng Chính Hãng ,1.0,Electrolux,,,11500000.0,69.66666666666667,2.4857657256035175,142
258,517.0,Máy Giặt PANASONIC INVERTER 11.5 Kg NA-FD11XR1LV - HÀNG CHÍNH HÃNG ,1.0,Panasonic,,,9890000.0,66.33333333333333,2.7470505760935873,123
259,518.0,Máy giặt Electrolux EWF1023BEWA. màu trắng 10kg ( hàng chính hãng ) ,1.0,Electrolux,,,12959000.0,67.33333333333333,1.388430396460228,186
260,531.0,Máy giặt Candy Inverter 10 kg GVF1510LWHC3/1-S ,2.0,Candy,,,7390000.0,55.0,5.426754738108589,73
261,532.0,Máy giặt cửa trước INVERTER 10 5 KG AQUA AQD-D1050E N - HÀNG CHÍNH HÃNG ,1.0,Aqua,,,9250000.0,55.333333333333336,4.5968944698532965,83
262,533.0,Máy Giặt Cửa Trước Samsung Inverter Addwash WW85K54E0UX-SV (8.5kg) HÀNG CHÍNH HÃNG + Tặng bình đun siêu tốc ,1.0,Samsung,,,9990000.0,65.33333333333333,9.651310301769202,46
263,534.0,Máy Giặt Cửa Ngang Inverter Electrolux EWF14023S (10.0Kg) - Xám Bạc - Hàng Chính Hãng ,2.0,Electrolux,,,14690000.0,70.0,2.2969164282560306,148
264,536.0,Máy giặt Electrolux Inverter 9 kg EWF12938 ,2.0,Electrolux,,,10900000.0,67.33333333333333,0.7111258927817424,246
265,543.0,Máy giặt Electrolux Inverter 9.5 kg EWF9523BDWA ,1.0,Electrolux,,,11190000.0,71.0,2.4857657256035175,143
266,,,,,0.2741419911271884,0.7258580088728114,8413617.289473685,52.51898734177215,6.63809983056309,267
